id,name,email,phone,region,notes
1,Gray,noah_gray@yahoo.com,-3448,North Africa,Call after 5pm
2,Bob Martinez,,(629) 425-8359,North America,No notes
3,Carol Brown,carol_brown@gmail.com,4303082117,East Asia,Preferred contact: email
4,Jose Brown,,(921) 271-1750,Pacific Islands,Preferred contact: email
5,Dan Brown,dan_brown@yahoo.com,(886) 473-2169,East Asia,Call after 5pm
6,Maria Lee,,-6271,Pacific Islands,Call after 5pm
7,Liam Johnson,liam at johnson dot com,,East Asia,No notes
8,Liam Lee,liam66@music.co,,South & East Africa,No notes
9,Jose Brown,"jose.brown@acme,com",-11051,North America,VIP client
10,Jose Doe,jose.doe@invalid,,Latin America,Preferred contact: email
11,Liam Johnson,liam.johnson@email.com,,West Asia,Call after 5pm
12,Jane Garcia,jane34@example.co.uk,4791205006,West Africa,
13,Maria Gray,maria.gray@email.com,-5792,Europe,VIP client
14,Luciano Martinez,,-10949,East Asia,No notes
15,Carol Lee,,7111908335,Latin America,Call after 5pm
16,Dan Doe,dan10@music.co,2714300770,Australia,No notes
17,Bob Lee,bob49@gmail.com,-9523,North Africa,
18,Martinez,emma_martinez@gmail.com,-9859,West Asia,
19,Luciano Smith,,873.797.9565,North Africa,Call after 5pm
20,Noah Johnson,noah at johnson dot com,(668) 523-2188,East Asia,
21,Alice Doe,alice.doe@yahoo.com,,Europe,VIP client
22,Noah Gray,noah34@gmail.com,934.551.4335,West Asia,
23,Maria Brown,maria.brown@gmail.com,6988956607,West Africa,
24,Emma Lee,emma.lee@gmail.com,-11196,West Africa,VIP client
25,Bob Smith,bob_smith@invalid,622.225.3938,Latin America,No notes
26,Noah Smith,,(681) 427-4269,South America,Call after 5pm
27,Matt Smith,matt_smith@invalid,-6834,South America,Preferred contact: email
28,Alice Doe,alice_doe@gmail.com,,Pacific Islands,Call after 5pm
29,Alice Jones,alice.jones@example.co.uk,-5881,West Asia,VIP client
30,Jose Brown,jose_brown@music.co,893.966.3851,North America,No notes
31,Jose Jones,jose56@invalid,(676) 652-8244,East Asia,Preferred contact: email
32,Alice Martinez,,2198486416,South & East Africa,
33,Luciano Garcia,,-8478,East Asia,No notes
34,Bob Doe,,,South America,
35,Carol Garcia,,660.465.5050,East Asia,
36,Maria Smith,"maria.smith@acme,com",(543) 527-9849,Australia,Call after 5pm
37,Luciano Lee,,,North America,No notes
38,Maria Jones,maria_jones@invalid,2942408767,West Africa,No notes
39,Matt Lee,,6655518881,Australia,Call after 5pm
40,Doe,maria at doe dot com,-9399,South America,No notes
41,Martinez,matt_martinez@yahoo.com,3024542722,South America,Preferred contact: email
42,Liam Smith,liam_smith@invalid,,North Africa,No notes
43,Smith,,,South & East Africa,Preferred contact: email
44,Carol Martinez,carol_martinez@gmail.com,9024784536,Pacific Islands,Call after 5pm
45,Dan Doe,,(993) 695-8616,North America,Preferred contact: email
46,Alice Garcia,alice at garcia dot com,532.386.8988,Australia,VIP client
47,Alice O'Neil,alice_o'neil@example.co.uk,4966144543,East Asia,No notes
48,Matt Gray,matt at gray dot com,,North Africa,VIP client
49,Carol Garcia,carol_garcia@yahoo.com,2822662216,Europe,VIP client
50,Emma O'Neil,,,West Africa,Call after 5pm
51,Alice Jones,,4016044512,North America,VIP client
52,Jane Jones,jane at jones dot com,(703) 275-1878,Europe,Preferred contact: email
53,Jose Lee,,,Europe,Preferred contact: email
54,Liam Gray,liam81@yahoo.com,2011492154,West Asia,
55,Brown,"maria_brown@acme,com",,West Asia,Call after 5pm
56,Noah Doe,noah10@gmail.com,,North America,
57,Garcia,maria.garcia@music.co,890.789.1339,Europe,
58,Matt Doe,,293.681.6700,West Africa,Preferred contact: email
59,Jane Johnson,jane at johnson dot com,-8933,North America,No notes
60,Jose Jones,,-3183,North America,Call after 5pm
61,Alice Martinez,alice_martinez@music.co,,Australia,No notes
62,Luciano Smith,luciano.smith@music.co,8079484715,South & East Africa,No notes
63,Bob Garcia,bob at garcia dot com,,South & East Africa,VIP client
64,Matt Brown,,,North America,No notes
65,Maria Johnson,,9323897968,Australia,No notes
66,Noah Doe,noah.doe@yahoo.com,5102872611,West Asia,Call after 5pm
67,Luciano Garcia,luciano_garcia@email.com,6097998347,Pacific Islands,
68,O'Neil,,300.978.2646,East Asia,Preferred contact: email
69,Matt Johnson,matt_johnson@email.com,-4608,West Asia,
70,Dan O'Neil,dan at o'neil dot com,670.461.1153,North Africa,
71,Jane Gray,jane_gray@example.co.uk,-9310,Australia,Call after 5pm
72,Dan O'Neil,"dan_o'neil@acme,com",820.963.9138,North America,Call after 5pm
73,Liam Johnson,liam80@email.com,(843) 299-1645,Latin America,Preferred contact: email
74,Alice Johnson,alice26@yahoo.com,463.693.5835,East Asia,Preferred contact: email
75,Maria Gray,"maria87@acme,com",470.749.3024,Pacific Islands,
76,Dan Johnson,dan61@gmail.com,-7981,Pacific Islands,Call after 5pm
77,Matt Jones,matt at jones dot com,(750) 338-7367,South America,No notes
78,Noah Gray,,-2638,East Asia,VIP client
79,Johnson,jose_johnson@yahoo.com,,South America,Call after 5pm
80,Luciano Martinez,luciano30@email.com,-2388,North America,Call after 5pm
81,Matt Johnson,matt76@email.com,738.316.2041,Europe,
82,Liam Gray,liam79@gmail.com,-11360,South America,No notes
83,Garcia,emma.garcia@email.com,4278724262,Latin America,
84,Lee,,-5708,East Asia,VIP client
85,Dan Johnson,dan_johnson@yahoo.com,,West Asia,Preferred contact: email
86,Liam Martinez,,938.252.5712,West Asia,Preferred contact: email
87,Liam Martinez,,4465740756,Australia,
88,Liam O'Neil,,919.980.6062,North Africa,Preferred contact: email
89,Jane Doe,jane at doe dot com,(293) 964-9691,Latin America,VIP client
90,Alice Johnson,,8198123018,North America,No notes
91,Liam Garcia,liam97@example.co.uk,2195066088,Australia,
92,Matt Jones,matt99@yahoo.com,2754603440,North Africa,
93,Emma Smith,,,Latin America,No notes
94,Liam Lee,liam at lee dot com,-8448,West Asia,Call after 5pm
95,Dan O'Neil,dan.o'neil@music.co,(426) 541-3754,Pacific Islands,VIP client
96,Carol Doe,carol33@yahoo.com,,South America,
97,Maria O'Neil,,,South & East Africa,Preferred contact: email
98,Martinez,carol at martinez dot com,,West Asia,
99,Emma Jones,,354.263.8381,Latin America,Preferred contact: email
100,Doe,,572.581.5634,South & East Africa,
101,Johnson,matt.johnson@example.co.uk,541.283.3317,North America,No notes
102,Jane O'Neil,jane.o'neil@email.com,-7737,South America,VIP client
103,Alice Doe,alice_doe@invalid,,North Africa,Preferred contact: email
104,Noah Johnson,,-8316,Europe,No notes
105,Carol Smith,,,West Asia,No notes
106,Maria Brown,,,Pacific Islands,Preferred contact: email
107,Emma Martinez,emma_martinez@gmail.com,647.293.4637,East Asia,Preferred contact: email
108,Dan Jones,dan_jones@yahoo.com,(429) 228-6221,North America,Preferred contact: email
109,Alice Garcia,"alice98@acme,com",8910087410,Pacific Islands,Preferred contact: email
110,Alice Smith,alice.smith@yahoo.com,,South America,Call after 5pm
111,Emma Doe,emma.doe@example.co.uk,,West Asia,
112,Matt Lee,"matt.lee@acme,com",-6332,South America,
113,Emma Johnson,emma_johnson@example.co.uk,-5271,Europe,No notes
114,Matt Brown,matt6@email.com,-8767,Europe,VIP client
115,Alice Gray,alice at gray dot com,,East Asia,VIP client
116,Lee,,,North Africa,No notes
117,Jane Garcia,"jane.garcia@acme,com",(481) 854-1939,Australia,Preferred contact: email
118,Jane O'Neil,jane at o'neil dot com,4598862507,South America,VIP client
119,Carol Garcia,,5159699467,Pacific Islands,
120,Dan Martinez,"dan_martinez@acme,com",3941508568,Europe,Preferred contact: email
121,Noah Johnson,,,Latin America,Call after 5pm
122,Luciano Smith,luciano64@gmail.com,3328393535,West Africa,
123,Dan Lee,dan.lee@yahoo.com,(660) 677-9476,Pacific Islands,No notes
124,Jose Jones,,554.731.5653,West Asia,Call after 5pm
125,Noah Martinez,,,West Asia,
126,O'Neil,carol.o'neil@gmail.com,,Australia,VIP client
127,Noah Brown,,(274) 905-1981,South & East Africa,VIP client
128,Liam Doe,,3370592316,South & East Africa,Preferred contact: email
129,Alice Garcia,alice.garcia@gmail.com,(454) 363-6364,Latin America,No notes
130,Jose Garcia,jose_garcia@music.co,420.797.6781,Europe,No notes
131,Liam Garcia,liam.garcia@invalid,-4144,Australia,
132,Jose Smith,jose_smith@gmail.com,-9688,Latin America,No notes
133,Carol Johnson,carol_johnson@invalid,5064853643,Pacific Islands,
134,Maria Doe,,,Europe,No notes
135,Emma O'Neil,emma.o'neil@email.com,942.904.1436,West Africa,
136,Liam Smith,,-10653,North Africa,Call after 5pm
137,Matt Garcia,"matt53@acme,com",,North America,Call after 5pm
138,Jose Johnson,jose at johnson dot com,550.759.6804,East Asia,
139,Maria Smith,maria_smith@example.co.uk,906.921.9011,South America,
140,Emma Brown,,2339428835,Latin America,VIP client
141,Emma Garcia,,(340) 311-4920,Pacific Islands,Preferred contact: email
142,Luciano Lee,luciano at lee dot com,(205) 763-3587,Latin America,VIP client
143,Carol Brown,"carol.brown@acme,com",6451045741,North America,No notes
144,Jane Brown,jane.brown@email.com,(543) 491-8444,Europe,
145,Maria Brown,maria.brown@email.com,,Europe,Call after 5pm
146,Jane O'Neil,jane at o'neil dot com,(288) 610-2562,West Africa,Preferred contact: email
147,Alice Lee,alice_lee@email.com,4868119543,Latin America,VIP client
148,Jane Lee,,6111832212,Europe,Call after 5pm
149,Maria O'Neil,,,South America,VIP client
150,Luciano O'Neil,,,West Asia,No notes
151,Luciano Martinez,luciano.martinez@music.co,5106464319,North America,VIP client
152,Matt Smith,matt.smith@music.co,(754) 261-2130,North Africa,No notes
153,Carol Lee,carol at lee dot com,(336) 869-6697,East Asia,Call after 5pm
154,Matt Jones,matt at jones dot com,435.453.8546,West Asia,Call after 5pm
155,Gray,,-2713,Latin America,Call after 5pm
156,Emma Jones,emma70@yahoo.com,439.949.6224,Pacific Islands,Call after 5pm
157,Alice Doe,,-6971,South America,VIP client
158,Noah Lee,"noah_lee@acme,com",(507) 585-4012,North America,VIP client
159,Emma Doe,emma.doe@example.co.uk,4777580509,South America,VIP client
160,Luciano Martinez,luciano7@email.com,-3121,North Africa,Call after 5pm
161,Bob Gray,bob at gray dot com,994.489.7236,North Africa,VIP client
162,Alice Johnson,alice at johnson dot com,(979) 527-4328,South America,Call after 5pm
163,Matt Brown,,(502) 356-4214,West Asia,No notes
164,Jose Johnson,jose at johnson dot com,,North America,Preferred contact: email
165,Jose Jones,jose.jones@invalid,,West Africa,No notes
166,Carol Jones,,764.621.1194,West Africa,
167,Alice Jones,,352.446.4144,West Africa,VIP client
168,Lee,alice at lee dot com,2401581601,Australia,No notes
169,Garcia,"jose.garcia@acme,com",(644) 860-6427,South & East Africa,Call after 5pm
170,Emma O'Neil,emma.o'neil@gmail.com,,North Africa,Call after 5pm
171,Emma Lee,emma_lee@yahoo.com,-8597,North Africa,
172,Johnson,emma at johnson dot com,4723537339,Australia,No notes
173,Bob Johnson,bob at johnson dot com,(287) 990-5839,West Africa,No notes
174,Emma Doe,emma_doe@email.com,(515) 655-6896,South America,No notes
175,Maria Martinez,maria at martinez dot com,-2998,North America,VIP client
176,Dan Lee,,3293348937,Latin America,Call after 5pm
177,Luciano Doe,luciano at doe dot com,(569) 457-5040,North Africa,No notes
178,Luciano Doe,luciano at doe dot com,,Pacific Islands,Call after 5pm
179,Maria Johnson,maria at johnson dot com,,North Africa,Call after 5pm
180,Liam Martinez,,9812397600,Pacific Islands,No notes
181,Jane Brown,,8590057801,Australia,
182,Matt Johnson,,,West Africa,Preferred contact: email
183,Liam Lee,liam_lee@invalid,,Latin America,Call after 5pm
184,Maria Johnson,,-10907,North America,Preferred contact: email
185,Emma Doe,emma_doe@music.co,648.939.8412,North America,Preferred contact: email
186,Gray,"emma_gray@acme,com",7716557048,North America,No notes
187,Bob Lee,"bob82@acme,com",(955) 828-4232,West Asia,Call after 5pm
188,Alice Gray,,468.886.9019,North Africa,
189,Dan O'Neil,dan.o'neil@email.com,829.804.2388,Australia,Preferred contact: email
190,Bob Brown,"bob_brown@acme,com",,East Asia,Call after 5pm
191,Jose Doe,jose24@email.com,8465807051,Latin America,No notes
192,Noah Garcia,noah at garcia dot com,499.233.5503,North America,Call after 5pm
193,Maria O'Neil,maria at o'neil dot com,-4338,Pacific Islands,No notes
194,Jose Smith,"jose.smith@acme,com",-6892,West Asia,Call after 5pm
195,Bob O'Neil,,,South America,VIP client
196,Liam Martinez,,338.968.7743,West Africa,Call after 5pm
197,Emma Doe,,-8415,Pacific Islands,No notes
198,Jose Brown,jose_brown@music.co,,West Asia,No notes
199,Bob Lee,bob at lee dot com,-6649,Latin America,Preferred contact: email
200,Garcia,noah57@music.co,362.480.2529,South America,Preferred contact: email
201,Doe,,-6290,Europe,Call after 5pm
202,Liam Smith,liam at smith dot com,-7045,North America,Preferred contact: email
203,Carol Johnson,carol49@invalid,(270) 743-1138,South & East Africa,Call after 5pm
204,Dan O'Neil,dan12@gmail.com,(803) 947-7291,Latin America,VIP client
205,Noah Gray,,,North America,Call after 5pm
206,Emma Lee,emma.lee@invalid,-8472,Australia,VIP client
207,Carol Doe,,-11154,Europe,VIP client
208,Bob Jones,bob at jones dot com,,North America,
209,Brown,jane.brown@example.co.uk,(534) 600-2083,Europe,Preferred contact: email
210,Bob Gray,bob.gray@music.co,(516) 882-3877,Latin America,No notes
211,Carol Martinez,,7733828691,West Africa,VIP client
212,Jose Gray,,256.711.3734,Latin America,Preferred contact: email
213,Liam Gray,,-1647,Pacific Islands,
214,Emma Lee,"emma54@acme,com",,South America,Preferred contact: email
215,Dan Gray,dan_gray@invalid,577.405.5777,Australia,
216,Bob Garcia,bob at garcia dot com,,Europe,VIP client
217,Noah Jones,noah.jones@invalid,(306) 410-9680,South America,VIP client
218,Luciano Jones,,6868404900,West Asia,Preferred contact: email
219,O'Neil,,917.953.6345,Pacific Islands,Call after 5pm
220,Luciano Smith,,(368) 660-8635,South America,No notes
221,Alice Garcia,alice.garcia@gmail.com,(921) 913-1660,Australia,VIP client
222,Martinez,dan_martinez@email.com,(663) 769-5093,North America,Preferred contact: email
223,Matt Jones,matt17@yahoo.com,7144298519,West Asia,Call after 5pm
224,Luciano Johnson,luciano at johnson dot com,(941) 604-9128,Australia,Call after 5pm
225,Alice Brown,alice5@example.co.uk,621.763.8848,North America,No notes
226,Jane Lee,,,Pacific Islands,
227,Carol Lee,carol.lee@email.com,(997) 487-1959,West Africa,Call after 5pm
228,Luciano Smith,luciano_smith@example.co.uk,377.380.4875,West Africa,
229,Matt Johnson,,(704) 755-6063,South & East Africa,
230,Bob Jones,bob.jones@email.com,(548) 934-3907,North Africa,Preferred contact: email
231,Jose Johnson,"jose_johnson@acme,com",9695905031,Europe,VIP client
232,Jane Martinez,,,South America,Preferred contact: email
233,Jane O'Neil,,963.279.4899,West Africa,Call after 5pm
234,Noah Gray,,-8299,West Africa,Preferred contact: email
235,Matt Lee,matt at lee dot com,,Australia,Call after 5pm
236,Garcia,jane.garcia@email.com,,Europe,Preferred contact: email
237,Carol O'Neil,carol at o'neil dot com,(869) 368-8113,Europe,No notes
238,Emma Martinez,,250.602.9043,Europe,Preferred contact: email
239,Dan Gray,,6196430851,North America,Preferred contact: email
240,Alice Lee,,590.578.4056,South & East Africa,No notes
241,Maria Brown,maria_brown@example.co.uk,4377702111,West Africa,
242,Dan Martinez,dan at martinez dot com,,Pacific Islands,
243,Noah O'Neil,noah at o'neil dot com,(397) 329-1699,Latin America,
244,Alice Johnson,alice.johnson@gmail.com,,Europe,
245,Jose Lee,jose19@example.co.uk,492.748.6633,Australia,No notes
246,Noah Garcia,noah at garcia dot com,-6125,North America,No notes
247,Johnson,alice_johnson@email.com,7452117308,Europe,
248,Noah Gray,"noah53@acme,com",9342544668,Europe,Call after 5pm
249,O'Neil,jose26@invalid,7877026769,East Asia,
250,Dan Gray,dan48@music.co,-5372,South & East Africa,VIP client
251,Lee,,-6042,Europe,No notes
252,Jane Doe,jane.doe@yahoo.com,(929) 926-5511,North Africa,No notes
253,Alice Martinez,alice at martinez dot com,-2221,South America,No notes
254,Luciano Johnson,,-6292,Australia,
255,Dan Johnson,,,North Africa,Call after 5pm
256,Carol Smith,,3261792922,East Asia,Call after 5pm
257,Emma Brown,,563.428.6031,South & East Africa,VIP client
258,Alice O'Neil,alice.o'neil@music.co,4275639056,West Africa,Preferred contact: email
259,Jane Doe,jane_doe@music.co,(523) 932-3954,South & East Africa,VIP client
260,Jones,noah_jones@yahoo.com,6850761658,West Africa,No notes
261,Dan Lee,dan at lee dot com,-10186,North Africa,Call after 5pm
262,Bob Johnson,bob.johnson@music.co,,South & East Africa,
263,Carol Lee,carol44@music.co,-5621,South America,
264,Jose Doe,,-8250,North Africa,Preferred contact: email
265,Emma Gray,emma at gray dot com,-6225,East Asia,
266,Alice O'Neil,alice54@invalid,,East Asia,Call after 5pm
267,Carol Lee,carol.lee@example.co.uk,,West Asia,No notes
268,Jane Gray,"jane.gray@acme,com",(859) 436-8483,East Asia,Preferred contact: email
269,Alice Johnson,alice_johnson@music.co,3411587518,East Asia,
270,Alice Gray,alice_gray@yahoo.com,(667) 478-7319,West Asia,Preferred contact: email
271,Jane Jones,jane14@music.co,(385) 825-7221,North Africa,No notes
272,Maria Gray,maria at gray dot com,,North America,
273,Bob Johnson,,,North Africa,
274,Matt Jones,matt65@invalid,-5095,West Africa,
275,Bob Martinez,bob at martinez dot com,3357473928,South America,Preferred contact: email
276,Luciano Lee,,9106435630,South America,VIP client
277,Carol Jones,carol at jones dot com,(933) 872-6952,East Asia,Preferred contact: email
278,Carol Johnson,carol_johnson@example.co.uk,,West Africa,Call after 5pm
279,Bob Gray,bob at gray dot com,,South & East Africa,Preferred contact: email
280,Maria Garcia,,(743) 953-1795,East Asia,
281,Jane Doe,,823.909.5067,Australia,VIP client
282,Maria Doe,,,Europe,VIP client
283,Noah Johnson,"noah91@acme,com",,Europe,
284,Noah Lee,,(735) 309-1414,South & East Africa,VIP client
285,Jane Brown,"jane8@acme,com",,Latin America,No notes
286,Bob Martinez,,901.520.1881,West Africa,Call after 5pm
287,Liam Garcia,,(973) 802-9955,Australia,VIP client
288,Maria Doe,maria.doe@yahoo.com,,South America,VIP client
289,Matt Johnson,matt6@yahoo.com,702.786.6866,South America,
290,Bob Doe,,557.426.4495,Pacific Islands,VIP client
291,Alice Smith,,656.446.4994,Pacific Islands,No notes
292,Luciano Lee,,(988) 583-9426,Pacific Islands,VIP client
293,Jose Gray,jose99@example.co.uk,7177924820,East Asia,Preferred contact: email
294,Doe,,(275) 255-3916,West Africa,VIP client
295,Dan Lee,dan at lee dot com,,South America,Preferred contact: email
296,Emma Gray,,-6740,East Asia,No notes
297,Jane Martinez,,,Pacific Islands,Call after 5pm
298,Jones,,,South America,Call after 5pm
299,Jane Doe,jane_doe@yahoo.com,-2592,East Asia,VIP client
300,Luciano Smith,luciano at smith dot com,302.491.2143,North Africa,No notes
301,Maria Johnson,"maria_johnson@acme,com",5374384508,Australia,VIP client
302,Carol Doe,carol_doe@music.co,-8205,Pacific Islands,VIP client
303,Jane Martinez,,(219) 719-1511,Europe,Preferred contact: email
304,Jose Brown,,,West Africa,
305,Luciano Lee,"luciano.lee@acme,com",,North Africa,Call after 5pm
306,Emma Garcia,emma.garcia@yahoo.com,439.243.4387,East Asia,No notes
307,Maria Garcia,"maria.garcia@acme,com",7912707829,East Asia,VIP client
308,Liam Gray,liam at gray dot com,(561) 553-8976,Europe,No notes
309,Smith,,4839444315,North America,VIP client
310,Emma Gray,emma at gray dot com,(862) 620-1367,North Africa,Call after 5pm
311,Martinez,,615.813.1305,South & East Africa,Preferred contact: email
312,Bob Garcia,bob at garcia dot com,,Pacific Islands,VIP client
313,Jane Johnson,,,Europe,No notes
314,O'Neil,jane at o'neil dot com,-3281,Latin America,No notes
315,Jose Lee,"jose.lee@acme,com",558.803.2600,South & East Africa,No notes
316,Bob Gray,,4232360156,East Asia,Call after 5pm
317,Emma Johnson,emma.johnson@yahoo.com,(467) 748-7939,East Asia,No notes
318,Jose Martinez,jose_martinez@example.co.uk,-6619,West Africa,Call after 5pm
319,Maria Doe,,-3007,South America,VIP client
320,Johnson,"bob.johnson@acme,com",(493) 928-1941,North America,
321,Smith,,-6244,Europe,VIP client
322,Dan Johnson,dan at johnson dot com,,West Asia,
323,Carol Johnson,carol_johnson@yahoo.com,,East Asia,Preferred contact: email
324,Jose Brown,jose.brown@invalid,586.776.8923,Pacific Islands,No notes
325,Noah Garcia,noah.garcia@music.co,5436667023,West Africa,VIP client
326,Martinez,jose_martinez@yahoo.com,277.767.3924,East Asia,Call after 5pm
327,Liam Brown,,(954) 404-4847,North America,Call after 5pm
328,Liam Johnson,liam.johnson@gmail.com,4665746525,North America,
329,Alice Garcia,,,West Africa,Preferred contact: email
330,Jose Johnson,,(323) 915-9490,North America,No notes
331,Liam Gray,,3571632270,Latin America,No notes
332,Bob Lee,bob_lee@email.com,789.902.4744,Australia,Call after 5pm
333,Jose Lee,jose19@invalid,711.337.9470,Europe,No notes
334,Alice Brown,,-3475,Latin America,No notes
335,Emma Johnson,emma_johnson@example.co.uk,,Europe,Call after 5pm
336,Alice Johnson,,674.846.3373,North America,No notes
337,Noah O'Neil,noah.o'neil@gmail.com,7459968996,East Asia,VIP client
338,Emma O'Neil,emma at o'neil dot com,2904397668,East Asia,Preferred contact: email
339,Luciano Gray,luciano at gray dot com,(989) 606-9584,North Africa,Preferred contact: email
340,Noah Lee,noah95@email.com,229.235.6846,West Asia,No notes
341,Maria Martinez,,,West Africa,VIP client
342,Carol Garcia,carol.garcia@music.co,(466) 359-5973,Australia,VIP client
343,Alice Garcia,,,Latin America,VIP client
344,Bob Lee,bob at lee dot com,(932) 954-7385,Latin America,
345,Liam Brown,,,Australia,No notes
346,Alice O'Neil,alice_o'neil@gmail.com,-10368,South & East Africa,Call after 5pm
347,Doe,luciano44@music.co,2240682864,South & East Africa,Preferred contact: email
348,Jose Garcia,jose_garcia@invalid,-3799,West Africa,Call after 5pm
349,Maria Gray,maria61@music.co,2524593800,Latin America,VIP client
350,Bob Johnson,,4511253899,East Asia,Call after 5pm
351,Matt Jones,,,West Asia,VIP client
352,Jones,,9754672426,Pacific Islands,Call after 5pm
353,Matt Lee,matt33@gmail.com,,West Africa,VIP client
354,Carol Garcia,,-3258,North Africa,
355,Dan Doe,,7110450397,North America,
356,Jane O'Neil,jane at o'neil dot com,(298) 735-2092,East Asia,Preferred contact: email
357,Smith,,-10479,West Africa,Preferred contact: email
358,Bob Garcia,bob.garcia@music.co,577.925.1955,Pacific Islands,
359,Matt Gray,matt.gray@yahoo.com,(942) 436-9710,East Asia,
360,Noah Doe,,(984) 853-6864,North America,Call after 5pm
361,Jose Lee,,580.622.8054,East Asia,
362,Bob O'Neil,bob at o'neil dot com,,North America,Preferred contact: email
363,Jose Doe,jose_doe@gmail.com,2404960131,Latin America,VIP client
364,Jane Doe,,5107754709,Pacific Islands,Call after 5pm
365,Maria O'Neil,maria.o'neil@example.co.uk,3436192596,Pacific Islands,No notes
366,Luciano Smith,,242.526.9846,South & East Africa,
367,Emma Smith,,7539575926,South America,Call after 5pm
368,Johnson,,(608) 468-2393,Latin America,Call after 5pm
369,Maria Martinez,maria at martinez dot com,7438532770,West Africa,VIP client
370,O'Neil,,(556) 395-6254,South America,VIP client
371,Liam Garcia,liam at garcia dot com,-4954,South & East Africa,Call after 5pm
372,Liam Doe,liam_doe@gmail.com,(512) 660-8719,South & East Africa,Call after 5pm
373,Jose Martinez,,(911) 915-1301,Latin America,Preferred contact: email
374,Alice Smith,,597.876.5445,North America,Preferred contact: email
375,Matt Brown,,(720) 926-2631,Australia,
376,Maria Martinez,maria.martinez@gmail.com,962.360.1301,North America,VIP client
377,Noah Brown,,(596) 230-5590,North America,Preferred contact: email
378,Emma Lee,,(627) 446-3502,East Asia,Call after 5pm
379,Noah Doe,,,South America,Call after 5pm
380,Carol Gray,,983.526.7783,North America,No notes
381,Emma Brown,emma14@yahoo.com,810.437.4783,West Africa,Preferred contact: email
382,Emma Garcia,,-8734,Pacific Islands,No notes
383,Matt Brown,"matt96@acme,com",(267) 381-8197,Europe,No notes
384,Dan Jones,dan at jones dot com,4236170837,South & East Africa,No notes
385,Matt Smith,matt at smith dot com,394.498.8201,West Asia,VIP client
386,Maria Doe,,,West Africa,
387,Jane Lee,jane at lee dot com,(804) 929-4308,North America,Preferred contact: email
388,Luciano Gray,,-10439,West Asia,Call after 5pm
389,Carol O'Neil,carol21@invalid,(629) 515-6071,Latin America,Preferred contact: email
390,Smith,jane_smith@gmail.com,3948791953,Latin America,Preferred contact: email
391,O'Neil,,-5718,East Asia,
392,Liam Brown,liam.brown@gmail.com,,South America,VIP client
393,Matt Gray,matt_gray@email.com,682.337.2999,Pacific Islands,VIP client
394,Jose Lee,,289.695.5705,Europe,VIP client
395,Jose O'Neil,jose_o'neil@yahoo.com,(732) 946-9154,South & East Africa,Preferred contact: email
396,Luciano Jones,"luciano.jones@acme,com",(623) 246-6468,West Africa,VIP client
397,Alice Gray,,(316) 902-6460,West Asia,VIP client
398,Carol Garcia,"carol.garcia@acme,com",,East Asia,VIP client
399,Liam Johnson,liam.johnson@yahoo.com,,Pacific Islands,Call after 5pm
400,Liam O'Neil,,(922) 522-1518,South America,VIP client
401,Maria Brown,maria_brown@yahoo.com,,South & East Africa,Call after 5pm
402,Bob Johnson,,-7615,South & East Africa,No notes
403,Dan Martinez,dan_martinez@gmail.com,305.733.6119,Pacific Islands,Call after 5pm
404,Carol Smith,carol_smith@example.co.uk,,North Africa,
405,Jose Gray,jose_gray@example.co.uk,375.272.6101,North Africa,
406,Maria Jones,maria at jones dot com,,West Asia,No notes
407,Liam Johnson,liam92@invalid,9786135816,South America,Preferred contact: email
408,Maria Brown,,831.464.6954,North Africa,VIP client
409,Garcia,maria at garcia dot com,4181627202,East Asia,Preferred contact: email
410,Carol Martinez,carol_martinez@example.co.uk,761.362.8903,South & East Africa,Call after 5pm
411,Emma O'Neil,emma at o'neil dot com,,Latin America,No notes
412,Luciano O'Neil,luciano_o'neil@example.co.uk,-4839,Europe,Preferred contact: email
413,Bob Doe,,8938829613,East Asia,Call after 5pm
414,Bob Johnson,,826.722.7622,East Asia,Preferred contact: email
415,Carol Martinez,"carol.martinez@acme,com",4685274976,South & East Africa,No notes
416,Dan Lee,,(392) 768-7301,South & East Africa,Call after 5pm
417,Matt Gray,matt93@music.co,4676831869,South & East Africa,
418,Dan Martinez,dan at martinez dot com,791.710.4878,Latin America,No notes
419,Jose O'Neil,jose.o'neil@example.co.uk,,Europe,VIP client
420,Martinez,,900.848.9834,West Africa,
421,Matt Johnson,matt.johnson@music.co,-10074,East Asia,
422,Emma Brown,,-9479,East Asia,Call after 5pm
423,Jose Gray,jose_gray@email.com,5173840107,North Africa,VIP client
424,Jane Brown,jane63@yahoo.com,(286) 348-3525,North Africa,No notes
425,Emma Doe,,4045400609,East Asia,
426,Bob Lee,bob at lee dot com,,Europe,Preferred contact: email
427,Luciano Martinez,luciano at martinez dot com,(543) 476-5375,Latin America,
428,Bob Martinez,,-10875,North America,No notes
429,Carol Smith,carol_smith@yahoo.com,-2963,North Africa,Preferred contact: email
430,Liam Doe,,501.678.2240,North America,No notes
431,Emma Johnson,emma.johnson@email.com,3892254518,North America,Call after 5pm
432,Liam Lee,liam at lee dot com,828.858.2740,West Africa,Preferred contact: email
433,Gray,,6006748052,Pacific Islands,VIP client
434,Jane Johnson,,-9968,Europe,No notes
435,Emma Garcia,,6640526557,West Africa,VIP client
436,Noah Smith,noah.smith@music.co,4089516830,South America,Call after 5pm
437,Jane Jones,,8588222327,South America,Preferred contact: email
438,Johnson,,,West Africa,Call after 5pm
439,Luciano Jones,luciano at jones dot com,-9807,West Africa,VIP client
440,Luciano Garcia,,7743844927,Australia,VIP client
441,Luciano O'Neil,luciano_o'neil@invalid,6901574746,Latin America,Call after 5pm
442,Emma Johnson,emma at johnson dot com,-2909,West Africa,Preferred contact: email
443,Matt Doe,,908.329.4377,Pacific Islands,
444,Maria Lee,"maria79@acme,com",,Latin America,Call after 5pm
445,Bob Gray,bob.gray@example.co.uk,(719) 424-8605,Australia,Preferred contact: email
446,Jane Garcia,jane86@gmail.com,-8080,Europe,
447,Jane Doe,jane at doe dot com,806.793.6340,West Asia,Call after 5pm
448,Luciano Johnson,luciano95@music.co,,South America,No notes
449,Jane Lee,jane at lee dot com,-8209,East Asia,No notes
450,Maria Lee,maria_lee@yahoo.com,,Latin America,No notes
451,Bob O'Neil,bob at o'neil dot com,(953) 452-5060,Latin America,
452,Matt Lee,matt.lee@music.co,(234) 635-9701,West Asia,Preferred contact: email
453,Jose Jones,jose at jones dot com,6989905155,Pacific Islands,
454,O'Neil,emma at o'neil dot com,-4934,North America,Preferred contact: email
455,Dan Johnson,dan_johnson@music.co,835.543.1898,Pacific Islands,Preferred contact: email
456,Luciano Lee,,774.926.4354,West Asia,Call after 5pm
457,Jose Gray,,8457766656,Latin America,VIP client
458,Matt Gray,matt at gray dot com,894.745.5788,Australia,Preferred contact: email
459,Garcia,bob at garcia dot com,(311) 368-5521,North Africa,
460,Noah Jones,,-9852,North America,Preferred contact: email
461,Bob Martinez,bob at martinez dot com,(697) 807-9686,South America,VIP client
462,Jane Brown,jane_brown@email.com,370.833.3634,Australia,Call after 5pm
463,Jane Doe,jane.doe@gmail.com,388.410.1568,West Africa,Call after 5pm
464,Carol Garcia,carol69@email.com,,North Africa,
465,Carol Brown,carol_brown@invalid,-5077,North America,Call after 5pm
466,Noah Martinez,noah.martinez@music.co,(565) 294-6347,Pacific Islands,VIP client
467,Jones,bob at jones dot com,702.525.9381,East Asia,No notes
468,Jane Lee,jane_lee@gmail.com,9479804402,West Africa,No notes
469,Alice Doe,alice at doe dot com,,Pacific Islands,VIP client
470,Luciano O'Neil,luciano.o'neil@gmail.com,2855804722,East Asia,VIP client
471,Garcia,jose_garcia@invalid,429.227.1040,West Africa,No notes
472,Luciano Brown,luciano at brown dot com,,West Asia,No notes
473,Alice Garcia,alice.garcia@email.com,(465) 366-1958,West Africa,Preferred contact: email
474,Alice Johnson,alice_johnson@gmail.com,,Australia,Call after 5pm
475,Jose Johnson,,347.213.3243,Latin America,No notes
476,Dan Johnson,dan14@yahoo.com,-5694,North America,Preferred contact: email
477,Jane Jones,"jane_jones@acme,com",-9152,Australia,Call after 5pm
478,Jane Doe,jane_doe@yahoo.com,-3033,South & East Africa,Call after 5pm
479,Luciano Jones,,-9751,South America,
480,Bob O'Neil,bob86@email.com,,Australia,Call after 5pm
481,O'Neil,,-10858,Latin America,Call after 5pm
482,Jose Garcia,,-3796,East Asia,VIP client
483,Luciano Garcia,luciano64@invalid,284.535.9088,South & East Africa,No notes
484,Liam Brown,liam at brown dot com,2770075995,Latin America,Preferred contact: email
485,Dan Garcia,,(604) 610-2666,South & East Africa,VIP client
486,Bob O'Neil,bob at o'neil dot com,9543263685,Pacific Islands,VIP client
487,Maria O'Neil,maria at o'neil dot com,(986) 665-2770,West Africa,Preferred contact: email
488,Luciano Jones,luciano at jones dot com,,South America,No notes
489,Maria Smith,maria at smith dot com,-6704,North Africa,No notes
490,Maria Johnson,maria at johnson dot com,923.368.9052,South & East Africa,No notes
491,Maria Gray,maria at gray dot com,775.360.9301,East Asia,No notes
492,Liam Lee,liam_lee@invalid,,Australia,Preferred contact: email
493,Noah Johnson,noah at johnson dot com,-8866,North America,VIP client
494,Luciano Johnson,,,South & East Africa,Preferred contact: email
495,Carol Lee,carol_lee@example.co.uk,544.708.9237,West Asia,Call after 5pm
496,Liam Brown,liam at brown dot com,(748) 419-5708,West Asia,
497,Emma Gray,,-7620,North America,VIP client
498,Jose Brown,,-8711,South & East Africa,
499,Jane O'Neil,,779.944.1981,West Asia,No notes
500,Jane Smith,,849.408.7757,West Africa,Call after 5pm
501,Alice O'Neil,alice15@yahoo.com,-5646,North America,Call after 5pm
502,Jane Brown,jane_brown@invalid,220.256.2375,Europe,Preferred contact: email
503,Dan Johnson,dan.johnson@music.co,-6150,South America,Call after 5pm
504,Liam Gray,liam_gray@email.com,(966) 961-4865,North Africa,VIP client
505,Maria Lee,,(583) 916-2850,North Africa,VIP client
506,Jane Johnson,jane_johnson@invalid,7381520572,East Asia,VIP client
507,Noah Johnson,,(653) 597-1128,Latin America,VIP client
508,Bob Doe,,998.703.8718,South America,No notes
509,Luciano Doe,,-8721,West Asia,Call after 5pm
510,Noah Garcia,noah1@music.co,(521) 789-2347,Europe,
511,Noah Lee,noah_lee@music.co,(466) 377-6367,West Africa,No notes
512,Dan O'Neil,dan.o'neil@example.co.uk,,East Asia,No notes
513,Liam Brown,liam_brown@yahoo.com,(935) 738-8129,Europe,Call after 5pm
514,Alice Brown,alice at brown dot com,3796717941,Latin America,Call after 5pm
515,Matt Brown,matt80@music.co,4950008807,Europe,No notes
516,Emma O'Neil,emma.o'neil@example.co.uk,,Latin America,
517,Dan Brown,,5995723790,East Asia,Call after 5pm
518,Luciano Johnson,luciano at johnson dot com,711.487.6907,Australia,VIP client
519,Liam Brown,liam at brown dot com,(982) 354-8208,West Asia,Preferred contact: email
520,Maria Brown,maria at brown dot com,-10071,Latin America,Call after 5pm
521,Johnson,luciano_johnson@yahoo.com,(479) 776-4479,Europe,No notes
522,Luciano Smith,,(491) 897-2998,West Africa,Preferred contact: email
523,Luciano Garcia,,,Latin America,Call after 5pm
524,Bob Jones,bob_jones@email.com,2764550571,North Africa,Preferred contact: email
525,Matt Smith,matt at smith dot com,642.953.6080,Europe,Preferred contact: email
526,Carol Martinez,carol at martinez dot com,,Pacific Islands,Call after 5pm
527,Lee,,2360648843,Pacific Islands,No notes
528,Luciano Garcia,luciano88@email.com,,Europe,No notes
529,Dan Gray,,6784316482,South & East Africa,Call after 5pm
530,Lee,jane at lee dot com,975.886.8371,West Africa,VIP client
531,Jane Smith,,2057142828,South America,No notes
532,Emma Lee,,-10732,West Asia,Call after 5pm
533,Jane Jones,"jane.jones@acme,com",,North America,Call after 5pm
534,Luciano Brown,luciano61@music.co,,North Africa,Call after 5pm
535,Bob Brown,bob at brown dot com,2158987731,South America,No notes
536,Jose O'Neil,,7445369408,North Africa,No notes
537,Luciano Garcia,,(221) 365-5718,West Africa,
538,Bob O'Neil,bob_o'neil@example.co.uk,(334) 500-7395,Europe,
539,Bob Brown,"bob.brown@acme,com",(404) 360-9063,Europe,
540,Matt Jones,matt_jones@email.com,-5116,East Asia,
541,Bob Garcia,bob_garcia@invalid,-3313,Latin America,Preferred contact: email
542,Maria Garcia,maria.garcia@gmail.com,307.371.2934,East Asia,Call after 5pm
543,Emma Brown,,5644688162,North Africa,No notes
544,Matt Smith,matt at smith dot com,(375) 287-5358,Australia,Call after 5pm
545,Jose Lee,jose55@music.co,,North America,Preferred contact: email
546,Luciano Johnson,luciano56@gmail.com,6177547812,Latin America,No notes
547,Noah Martinez,,(208) 486-9647,North Africa,
548,Liam O'Neil,,(994) 402-5940,South America,
549,Jose Brown,,(548) 975-3621,North Africa,VIP client
550,Emma Lee,"emma.lee@acme,com",,North Africa,Preferred contact: email
551,Maria Johnson,,,North Africa,Call after 5pm
552,Luciano Johnson,luciano47@music.co,4045491387,Latin America,Preferred contact: email
553,Carol Martinez,,9254276458,Europe,No notes
554,Jane Doe,jane at doe dot com,-4714,West Asia,Call after 5pm
555,Jose Johnson,jose.johnson@example.co.uk,241.735.3511,East Asia,VIP client
556,Alice Brown,alice19@invalid,,Australia,VIP client
557,Luciano Jones,,,Europe,No notes
558,Maria Garcia,,547.753.1750,South & East Africa,Preferred contact: email
559,Jane Jones,,-4317,Pacific Islands,
560,Jose Smith,,,Latin America,
561,Carol Lee,carol at lee dot com,-8930,Europe,Preferred contact: email
562,Jose Doe,jose33@invalid,-6673,Latin America,VIP client
563,Dan Gray,dan at gray dot com,,Europe,No notes
564,Brown,luciano at brown dot com,,Latin America,Preferred contact: email
565,Bob Martinez,bob39@example.co.uk,(851) 712-4333,Latin America,
566,Dan Martinez,dan.martinez@invalid,4567822451,Pacific Islands,VIP client
567,Noah Smith,,(956) 746-2145,North Africa,
568,Alice Lee,,3467288847,Australia,
569,Carol Jones,carol83@gmail.com,,West Asia,Preferred contact: email
570,Noah Gray,,596.381.1138,South America,Call after 5pm
571,Maria Jones,maria.jones@invalid,935.426.4838,South America,Preferred contact: email
572,Alice Garcia,,,West Asia,Call after 5pm
573,Noah O'Neil,,330.465.4734,West Africa,Call after 5pm
574,Noah Jones,,202.637.1849,South America,No notes
575,Dan Brown,,7488680575,Latin America,
576,Johnson,maria43@gmail.com,-5705,East Asia,Preferred contact: email
577,Matt Garcia,matt.garcia@example.co.uk,,West Asia,Call after 5pm
578,Luciano O'Neil,"luciano.o'neil@acme,com",-4493,South America,No notes
579,Matt Brown,matt at brown dot com,8946259101,North Africa,Call after 5pm
580,O'Neil,liam at o'neil dot com,-3971,North Africa,Preferred contact: email
581,Matt O'Neil,,9407199521,North Africa,Call after 5pm
582,Bob Doe,bob.doe@yahoo.com,(725) 867-6861,South & East Africa,No notes
583,Alice O'Neil,alice_o'neil@gmail.com,(258) 443-9308,North Africa,Call after 5pm
584,Luciano Johnson,luciano at johnson dot com,4646142846,North Africa,VIP client
585,Jane Gray,jane.gray@music.co,838.418.4916,South & East Africa,No notes
586,Bob Lee,bob.lee@email.com,,West Africa,VIP client
587,Matt Jones,matt_jones@yahoo.com,382.400.1352,Europe,Preferred contact: email
588,Matt Doe,matt.doe@email.com,-9400,West Africa,Preferred contact: email
589,Jane Doe,jane69@music.co,247.981.4098,South & East Africa,Call after 5pm
590,Smith,carol_smith@invalid,7014088885,West Asia,
591,Carol Garcia,"carol42@acme,com",,North America,Preferred contact: email
592,Bob Smith,bob at smith dot com,-5625,South America,Call after 5pm
593,Luciano Brown,luciano_brown@yahoo.com,636.661.8660,Latin America,No notes
594,Carol Brown,carol57@yahoo.com,713.725.9956,Australia,Call after 5pm
595,Gray,luciano.gray@example.co.uk,,North Africa,Call after 5pm
596,Emma Martinez,emma.martinez@invalid,6086613517,Australia,Call after 5pm
597,Bob Smith,,8136619076,Latin America,Call after 5pm
598,Maria Garcia,maria.garcia@email.com,3459525419,East Asia,No notes
599,Noah Lee,,,West Africa,
600,Liam Lee,liam51@gmail.com,-5426,Europe,
601,Jane Jones,,,Latin America,Preferred contact: email
602,Maria Jones,maria.jones@yahoo.com,5191773840,West Asia,Call after 5pm
603,Jane Smith,,9373479802,West Asia,VIP client
604,Bob Jones,bob at jones dot com,671.673.1640,Australia,No notes
605,Carol Brown,carol54@yahoo.com,-9293,West Asia,Call after 5pm
606,Jane Brown,,-3472,South & East Africa,Preferred contact: email
607,Jose Johnson,jose33@yahoo.com,5675517676,West Africa,Preferred contact: email
608,Matt Brown,"matt42@acme,com",9359776652,South America,Call after 5pm
609,Maria Brown,maria3@example.co.uk,(327) 747-7403,Europe,No notes
610,Carol Doe,"carol.doe@acme,com",856.878.2684,North Africa,No notes
611,O'Neil,matt at o'neil dot com,-6481,North Africa,VIP client
612,Bob Gray,bob.gray@invalid,(245) 625-9396,West Asia,
613,Bob Martinez,bob at martinez dot com,-5261,North Africa,No notes
614,Bob Garcia,,,West Africa,
615,Jane Brown,,-8743,Latin America,VIP client
616,Matt O'Neil,matt at o'neil dot com,3326494754,North America,Call after 5pm
617,Gray,liam_gray@music.co,443.942.8270,West Asia,Call after 5pm
618,Alice Johnson,alice.johnson@example.co.uk,,Latin America,Preferred contact: email
619,Noah Smith,,6572494684,North America,Preferred contact: email
620,Bob Jones,bob27@yahoo.com,(409) 441-9313,South America,Call after 5pm
621,Dan Doe,dan_doe@email.com,2720549656,Latin America,No notes
622,Jose O'Neil,jose62@gmail.com,(285) 977-5918,South & East Africa,VIP client
623,Dan Garcia,dan_garcia@music.co,(273) 541-3238,South & East Africa,Preferred contact: email
624,Matt Martinez,matt_martinez@music.co,-8703,Pacific Islands,Preferred contact: email
625,Dan O'Neil,dan at o'neil dot com,4991253219,Latin America,No notes
626,Emma Smith,emma.smith@invalid,(914) 881-3422,North Africa,
627,Doe,"liam.doe@acme,com",7007174247,West Africa,VIP client
628,Emma Brown,,311.851.6642,South & East Africa,Call after 5pm
629,Emma Lee,emma.lee@yahoo.com,(271) 992-7845,West Africa,Call after 5pm
630,Carol Doe,carol63@yahoo.com,(780) 417-4041,North America,VIP client
631,Dan Garcia,,-4882,Australia,
632,Bob Garcia,bob.garcia@gmail.com,5400697308,Europe,
633,Jose Brown,jose at brown dot com,4856489475,West Africa,
634,Matt Johnson,matt.johnson@gmail.com,(942) 342-1420,Europe,VIP client
635,Maria O'Neil,maria at o'neil dot com,217.848.6901,North Africa,No notes
636,Bob O'Neil,,(638) 687-2645,East Asia,
637,Martinez,liam at martinez dot com,(678) 372-8311,West Asia,Call after 5pm
638,Noah Gray,,-6941,Europe,Call after 5pm
639,Garcia,,,Australia,No notes
640,Bob Smith,bob_smith@gmail.com,962.318.7025,Australia,No notes
641,Liam Jones,,,South & East Africa,Call after 5pm
642,Lee,luciano at lee dot com,-6733,East Asia,
643,Carol Brown,,498.921.7171,North Africa,Call after 5pm
644,Emma Smith,"emma90@acme,com",,Europe,No notes
645,Carol Lee,carol_lee@invalid,,Europe,No notes
646,Luciano Doe,,791.340.8239,South & East Africa,Call after 5pm
647,Bob Smith,"bob95@acme,com",-3448,East Asia,VIP client
648,Maria Doe,maria.doe@example.co.uk,3034466170,South & East Africa,VIP client
649,Emma O'Neil,,-4014,Australia,Preferred contact: email
650,Luciano Gray,,(800) 786-8856,South America,No notes
651,Maria Lee,maria13@email.com,,South & East Africa,No notes
652,Luciano Martinez,,(971) 971-4399,East Asia,Preferred contact: email
653,Jose Garcia,jose.garcia@gmail.com,-5496,South America,
654,Alice Johnson,"alice55@acme,com",6895640132,Europe,VIP client
655,Jose Johnson,,(878) 245-4884,Latin America,Call after 5pm
656,Liam Martinez,liam_martinez@email.com,-9190,North America,VIP client
657,Noah Lee,noah69@yahoo.com,4598217672,Europe,Call after 5pm
658,Carol Lee,,-6156,Pacific Islands,VIP client
659,Carol Brown,carol36@gmail.com,8823960223,East Asia,Preferred contact: email
660,Jose Johnson,jose_johnson@example.co.uk,,East Asia,
661,Liam Lee,liam34@gmail.com,587.781.5380,Europe,Call after 5pm
662,Noah O'Neil,noah at o'neil dot com,482.638.9529,North Africa,Preferred contact: email
663,Alice Lee,"alice.lee@acme,com",8675065406,Pacific Islands,Preferred contact: email
664,Dan Martinez,dan62@music.co,5203690252,South & East Africa,
665,Emma Johnson,,(821) 659-3761,North America,Preferred contact: email
666,Carol Doe,carol.doe@music.co,-5087,West Africa,VIP client
667,Alice Garcia,"alice1@acme,com",-9076,North America,
668,Maria Johnson,maria.johnson@gmail.com,,North America,
669,Jane Lee,jane at lee dot com,(431) 681-7477,Europe,
670,Alice Gray,,205.567.4251,Europe,Preferred contact: email
671,Jane Lee,jane_lee@gmail.com,(690) 881-5354,West Africa,VIP client
672,Dan Martinez,,(310) 221-3066,Latin America,Preferred contact: email
673,Noah Johnson,,(691) 496-5623,North Africa,
674,Jane Smith,jane.smith@invalid,,South & East Africa,
675,Jane Smith,,(434) 323-3167,Latin America,No notes
676,Matt O'Neil,matt.o'neil@music.co,,Europe,No notes
677,Noah Jones,noah_jones@email.com,386.241.1008,Pacific Islands,Call after 5pm
678,Alice Garcia,,-4971,West Asia,
679,Jane Johnson,"jane_johnson@acme,com",-11463,Pacific Islands,Preferred contact: email
680,Jane O'Neil,,7589798653,North Africa,Call after 5pm
681,Doe,jose54@example.co.uk,,West Asia,Preferred contact: email
682,Jane O'Neil,jane38@gmail.com,(958) 607-9110,Australia,No notes
683,Jose Lee,jose at lee dot com,-6878,East Asia,
684,Maria Martinez,,,Europe,Call after 5pm
685,Alice Jones,alice_jones@yahoo.com,201.864.6692,Europe,VIP client
686,Luciano Martinez,luciano53@example.co.uk,-2970,South America,
687,Noah O'Neil,,,South & East Africa,No notes
688,Jane Garcia,,(690) 295-9125,Europe,Call after 5pm
689,Liam Garcia,liam83@email.com,3831352713,South America,No notes
690,Luciano Martinez,luciano.martinez@example.co.uk,-8178,Latin America,VIP client
691,O'Neil,jane.o'neil@invalid,342.691.8279,Australia,VIP client
692,Maria Doe,,6735485311,West Asia,Call after 5pm
693,Smith,matt at smith dot com,-7731,West Asia,Call after 5pm
694,Luciano Brown,,(286) 244-3475,Europe,No notes
695,Jane Brown,jane_brown@email.com,(877) 577-5348,Europe,Call after 5pm
696,Carol Doe,,(791) 637-5562,Pacific Islands,No notes
697,Carol Johnson,carol at johnson dot com,8608869057,North Africa,
698,Jose Smith,,(791) 995-4593,Australia,Preferred contact: email
699,Carol Martinez,carol15@gmail.com,(501) 671-3361,West Asia,Preferred contact: email
700,Emma Doe,,-8449,North Africa,No notes
701,Doe,liam_doe@yahoo.com,(212) 782-7823,North Africa,
702,Emma Brown,,(493) 313-3554,East Asia,
703,Jane Jones,jane at jones dot com,926.432.7941,West Africa,Preferred contact: email
704,Jose Lee,jose96@yahoo.com,9802060773,South America,No notes
705,Carol Lee,carol7@invalid,306.279.6942,East Asia,Preferred contact: email
706,Bob Brown,bob.brown@gmail.com,-2405,South & East Africa,
707,Liam Jones,liam at jones dot com,,South & East Africa,Call after 5pm
708,Carol Lee,"carol90@acme,com",6396694916,South & East Africa,No notes
709,Liam Jones,liam88@music.co,(935) 437-4533,Europe,
710,Jose O'Neil,jose_o'neil@music.co,,North America,
711,Luciano Doe,luciano at doe dot com,(984) 516-9964,North America,VIP client
712,Jane Gray,jane_gray@email.com,9572655972,Pacific Islands,Call after 5pm
713,Luciano O'Neil,luciano_o'neil@invalid,651.575.9396,West Asia,VIP client
714,Luciano Lee,"luciano_lee@acme,com",,Australia,No notes
715,Luciano Smith,luciano at smith dot com,-7895,South & East Africa,No notes
716,Dan Smith,dan.smith@email.com,(417) 919-8802,Latin America,No notes
717,Jane Smith,jane.smith@example.co.uk,5728120111,South America,VIP client
718,Doe,alice.doe@email.com,-6783,North Africa,Preferred contact: email
719,Dan Johnson,dan_johnson@yahoo.com,,Pacific Islands,No notes
720,Matt Martinez,,6010723787,West Africa,VIP client
721,Luciano Lee,,,North America,Call after 5pm
722,Liam Lee,"liam25@acme,com",5003544284,Australia,No notes
723,Dan Johnson,,(316) 380-8517,South America,
724,Dan Lee,,,Europe,No notes
725,Luciano Garcia,,2909979573,North America,
726,Dan Gray,dan at gray dot com,207.583.4668,Pacific Islands,VIP client
727,Alice Lee,alice.lee@music.co,,North America,No notes
728,Bob Martinez,"bob79@acme,com",,West Africa,Call after 5pm
729,Smith,dan65@gmail.com,-9057,North America,Preferred contact: email
730,Dan Jones,,225.960.3138,Europe,Call after 5pm
731,Bob Smith,,,East Asia,Preferred contact: email
732,Luciano Garcia,luciano.garcia@gmail.com,3678474117,Europe,Preferred contact: email
733,Dan Gray,,(584) 521-8387,Europe,
734,Noah O'Neil,noah.o'neil@email.com,-11202,Pacific Islands,
735,Matt Martinez,matt28@invalid,3149292589,West Asia,Call after 5pm
736,Luciano Johnson,,397.456.3833,Latin America,No notes
737,Luciano O'Neil,,,East Asia,Preferred contact: email
738,Liam Lee,,,South America,VIP client
739,Dan Jones,dan_jones@music.co,580.348.6151,South & East Africa,Preferred contact: email
740,Emma Johnson,,,Pacific Islands,Preferred contact: email
741,Liam Lee,liam at lee dot com,-5297,South America,No notes
742,Jane O'Neil,jane at o'neil dot com,9909795849,North America,Preferred contact: email
743,Martinez,,,North America,VIP client
744,O'Neil,"maria_o'neil@acme,com",(582) 832-2683,Australia,Preferred contact: email
745,Carol Lee,carol.lee@yahoo.com,465.244.2815,North Africa,Preferred contact: email
746,Alice Johnson,alice at johnson dot com,,South & East Africa,No notes
747,Noah Garcia,,529.991.8908,Europe,VIP client
748,Emma Gray,"emma85@acme,com",8305657896,East Asia,Call after 5pm
749,Maria Gray,,-11138,Australia,Call after 5pm
750,Bob Johnson,bob at johnson dot com,270.484.7931,Pacific Islands,
751,Noah Gray,"noah.gray@acme,com",229.687.9698,South America,Preferred contact: email
752,Jose Gray,jose20@music.co,6505997923,Latin America,No notes
753,Bob Brown,bob77@email.com,(731) 643-2788,South & East Africa,Preferred contact: email
754,Matt Jones,matt9@example.co.uk,601.602.2659,West Africa,No notes
755,Bob Doe,"bob_doe@acme,com",(951) 203-2544,West Africa,Call after 5pm
756,Carol Gray,carol_gray@music.co,-9332,Pacific Islands,
757,Carol Garcia,carol at garcia dot com,(246) 217-5762,Pacific Islands,Preferred contact: email
758,Luciano Brown,luciano_brown@music.co,459.573.8516,East Asia,VIP client
759,Emma Johnson,,6930194594,Europe,Call after 5pm
760,Noah Doe,noah.doe@yahoo.com,,South America,No notes
761,Jose Doe,,516.395.1673,Pacific Islands,
762,Luciano Lee,,677.897.3461,Europe,
763,Jose Doe,jose_doe@gmail.com,-9151,South & East Africa,No notes
764,Jones,carol45@email.com,-5134,South & East Africa,VIP client
765,Bob Jones,bob_jones@yahoo.com,7039293596,Europe,VIP client
766,Liam Doe,liam33@yahoo.com,4344324927,West Asia,No notes
767,Luciano Doe,,,West Asia,Preferred contact: email
768,Dan Gray,,9539107143,Pacific Islands,Call after 5pm
769,Dan Jones,,,South & East Africa,No notes
770,Emma Johnson,"emma.johnson@acme,com",6914094979,South America,Call after 5pm
771,Bob Doe,"bob_doe@acme,com",(317) 268-1000,North Africa,Call after 5pm
772,Garcia,,,North America,VIP client
773,Liam Garcia,,,West Africa,Call after 5pm
774,Maria Garcia,,3992708926,Latin America,Call after 5pm
775,Matt Brown,,8304613015,North Africa,VIP client
776,Matt Doe,,,North Africa,VIP client
777,Maria Doe,,,Australia,
778,Alice Doe,,-8964,Pacific Islands,No notes
779,Noah Garcia,noah99@invalid,973.630.2054,Latin America,Preferred contact: email
780,Matt Gray,matt_gray@example.co.uk,2840602176,South & East Africa,No notes
781,Noah Brown,,(396) 288-1397,North America,Preferred contact: email
782,Carol Lee,carol.lee@email.com,,South & East Africa,
783,Jane Gray,,,Europe,
784,Carol Jones,carol_jones@invalid,,East Asia,
785,Alice Lee,,233.546.7904,South & East Africa,Preferred contact: email
786,Jane Smith,,-3532,East Asia,No notes
787,Liam O'Neil,,236.708.9316,West Asia,No notes
788,Maria Brown,maria3@gmail.com,-5431,South & East Africa,No notes
789,Dan Doe,dan at doe dot com,-3995,West Asia,Call after 5pm
790,Bob Gray,"bob53@acme,com",(215) 937-5094,Europe,VIP client
791,Matt Johnson,,,West Asia,Call after 5pm
792,Maria Johnson,"maria57@acme,com",-6878,South & East Africa,VIP client
793,Dan O'Neil,dan.o'neil@yahoo.com,(512) 959-4453,East Asia,No notes
794,Noah Garcia,noah.garcia@music.co,9965335710,Pacific Islands,No notes
795,Matt Lee,matt.lee@yahoo.com,253.876.5999,North America,Preferred contact: email
796,Liam Johnson,liam_johnson@invalid,-6322,East Asia,Preferred contact: email
797,Jose Lee,,(634) 786-9501,North America,Call after 5pm
798,Matt Brown,matt_brown@gmail.com,239.830.5493,Australia,
799,Matt Gray,,650.209.8642,Pacific Islands,No notes
800,Noah Martinez,noah.martinez@example.co.uk,7409686552,Australia,Call after 5pm
801,Bob Doe,,,Europe,VIP client
802,Matt Martinez,"matt.martinez@acme,com",-2191,Latin America,
803,Maria Gray,maria27@email.com,489.346.1404,West Africa,VIP client
804,Dan Johnson,dan_johnson@example.co.uk,805.226.2740,South America,
805,Emma Martinez,,(796) 233-3458,South America,
806,Jose O'Neil,,875.737.9525,Australia,Call after 5pm
807,Liam Brown,liam_brown@yahoo.com,9442312159,North America,VIP client
808,Luciano Johnson,luciano.johnson@email.com,7346993447,West Africa,
809,Noah Doe,noah_doe@email.com,(618) 631-9274,Pacific Islands,Call after 5pm
810,Maria Jones,maria at jones dot com,-10149,Latin America,Call after 5pm
811,Jose Martinez,jose at martinez dot com,929.500.2950,South & East Africa,
812,Liam O'Neil,,(659) 618-8368,North America,Call after 5pm
813,Emma O'Neil,,3629401436,Australia,Call after 5pm
814,Jose O'Neil,jose.o'neil@yahoo.com,9920200672,Australia,VIP client
815,Carol Lee,carol19@gmail.com,788.830.6150,North Africa,Call after 5pm
816,Luciano Brown,luciano at brown dot com,(465) 820-2738,East Asia,
817,Doe,jose.doe@example.co.uk,,Latin America,Call after 5pm
818,Maria Brown,,-9525,East Asia,VIP client
819,Luciano Smith,luciano_smith@yahoo.com,888.995.2213,Australia,Preferred contact: email
820,Dan Gray,,(849) 842-1130,West Africa,VIP client
821,Maria Doe,maria94@music.co,-5075,South America,No notes
822,Jose O'Neil,jose5@music.co,(846) 797-4845,North America,VIP client
823,Bob Brown,bob at brown dot com,5281082808,East Asia,No notes
824,Carol Smith,carol.smith@yahoo.com,9903258762,North Africa,
825,Smith,dan_smith@example.co.uk,3766215487,Pacific Islands,No notes
826,Dan Brown,dan_brown@music.co,(851) 246-6054,Australia,
827,Bob Gray,,939.221.7212,North America,VIP client
828,Jose Gray,,(403) 360-9776,North America,VIP client
829,Carol Lee,,-2257,Pacific Islands,Call after 5pm
830,Brown,,586.871.7565,Europe,Preferred contact: email
831,Luciano Gray,,9455519459,East Asia,Call after 5pm
832,Liam Brown,liam at brown dot com,4474765235,East Asia,VIP client
833,Dan Gray,dan at gray dot com,6368894538,Australia,No notes
834,Carol Martinez,carol at martinez dot com,657.578.8811,East Asia,VIP client
835,Gray,jane27@invalid,,North Africa,Call after 5pm
836,Matt Garcia,"matt_garcia@acme,com",9537830497,Europe,
837,Maria Johnson,maria42@music.co,-11046,West Africa,Call after 5pm
838,Jose Gray,jose at gray dot com,-8503,Pacific Islands,VIP client
839,Luciano Lee,,,West Africa,Call after 5pm
840,Liam Johnson,liam_johnson@music.co,2042181691,North America,Call after 5pm
841,Garcia,jane.garcia@email.com,6557423251,South America,
842,Jane Gray,,7872400561,North Africa,VIP client
843,Jose Martinez,jose10@example.co.uk,,South America,No notes
844,Carol O'Neil,,(414) 372-1043,South America,Call after 5pm
845,Maria Jones,maria.jones@yahoo.com,7329078986,East Asia,No notes
846,Dan Garcia,,,East Asia,No notes
847,Maria Brown,,(382) 225-6991,North Africa,
848,Jose Smith,jose96@gmail.com,800.517.6381,North Africa,VIP client
849,Jose Jones,"jose.jones@acme,com",5536156992,West Africa,
850,Noah Garcia,noah at garcia dot com,(306) 239-7054,North Africa,Call after 5pm
851,Luciano Lee,luciano.lee@gmail.com,484.398.1273,Europe,Call after 5pm
852,Liam Johnson,,2360642836,North Africa,Preferred contact: email
853,Alice O'Neil,,-2047,West Asia,
854,Maria Gray,maria.gray@yahoo.com,985.373.1171,Australia,No notes
855,Luciano Smith,,,East Asia,VIP client
856,Dan Smith,dan_smith@yahoo.com,294.701.6818,Australia,
857,Doe,,,Pacific Islands,
858,Brown,emma34@yahoo.com,686.343.8655,East Asia,
859,Dan O'Neil,"dan_o'neil@acme,com",-8029,Australia,Call after 5pm
860,Carol Brown,,5139427224,West Africa,Call after 5pm
861,Alice Johnson,alice at johnson dot com,,South America,No notes
862,Liam Jones,liam39@example.co.uk,-5900,North Africa,Preferred contact: email
863,Alice Doe,alice at doe dot com,(200) 874-3416,West Africa,Call after 5pm
864,Lee,"bob20@acme,com",8656465171,North Africa,Call after 5pm
865,Maria Lee,,981.336.7551,East Asia,No notes
866,Liam Lee,liam_lee@music.co,,North Africa,Preferred contact: email
867,Liam O'Neil,"liam.o'neil@acme,com",(392) 245-4460,South & East Africa,No notes
868,Jane Brown,,5583001311,South & East Africa,Preferred contact: email
869,Carol Gray,carol at gray dot com,2049772921,East Asia,No notes
870,Matt Brown,,-9543,West Africa,Call after 5pm
871,Dan Martinez,,3867829945,Europe,VIP client
872,Matt Gray,matt at gray dot com,(458) 635-6528,Australia,VIP client
873,Lee,carol_lee@email.com,-3915,Latin America,
874,Luciano Doe,,950.736.8510,Latin America,VIP client
875,Matt Doe,,-8412,South & East Africa,Call after 5pm
876,Emma Brown,,(396) 784-5275,South America,Preferred contact: email
877,Carol O'Neil,carol at o'neil dot com,819.608.3969,East Asia,Preferred contact: email
878,Smith,dan at smith dot com,299.426.4683,Europe,Call after 5pm
879,Luciano O'Neil,,754.598.8792,West Africa,VIP client
880,Carol Garcia,,,Latin America,Preferred contact: email
881,Noah Garcia,noah_garcia@gmail.com,-11052,North America,Call after 5pm
882,Liam O'Neil,liam_o'neil@example.co.uk,,West Africa,Preferred contact: email
883,Luciano Lee,luciano.lee@example.co.uk,5226726995,West Africa,
884,Alice Johnson,,8420259772,North America,VIP client
885,Maria Doe,maria52@email.com,8786726179,West Africa,No notes
886,Dan Smith,,7009902698,Europe,Preferred contact: email
887,Carol Jones,,(397) 365-8500,West Africa,VIP client
888,Brown,jane.brown@yahoo.com,-9985,South & East Africa,
889,Carol Doe,,6597185286,North Africa,VIP client
890,Emma Martinez,,,Europe,No notes
891,Dan Gray,dan_gray@invalid,(939) 373-7004,South & East Africa,No notes
892,Brown,,7563237061,Pacific Islands,VIP client
893,Maria Brown,,226.426.7076,Pacific Islands,VIP client
894,Emma Doe,emma_doe@music.co,350.822.5789,East Asia,Call after 5pm
895,Matt Smith,matt75@gmail.com,(963) 729-7649,West Asia,
896,Jose Johnson,jose at johnson dot com,-5328,North America,VIP client
897,Bob Brown,bob36@example.co.uk,,East Asia,Call after 5pm
898,Emma Smith,emma.smith@music.co,-7539,West Asia,No notes
899,Liam Martinez,liam_martinez@invalid,-6358,North America,Call after 5pm
900,Emma Gray,emma67@email.com,-5401,Pacific Islands,Call after 5pm
901,Maria Gray,maria at gray dot com,-10589,North Africa,No notes
902,Noah Smith,,815.477.9070,East Asia,
903,Maria Martinez,,7621270460,Latin America,Preferred contact: email
904,Garcia,,,South America,Call after 5pm
905,Bob Gray,bob40@example.co.uk,(683) 305-5916,East Asia,No notes
906,Jane Doe,jane42@example.co.uk,434.469.8732,Latin America,Call after 5pm
907,Alice Johnson,,9568689032,North Africa,Preferred contact: email
908,Dan Johnson,dan59@invalid,3382317167,North America,VIP client
909,Jose Martinez,jose80@example.co.uk,-3879,East Asia,No notes
910,Emma Garcia,,482.750.7053,East Asia,Preferred contact: email
911,Maria Doe,maria.doe@email.com,787.404.2441,East Asia,
912,Jose Brown,"jose_brown@acme,com",(916) 928-6143,Australia,Call after 5pm
913,Carol Garcia,carol_garcia@email.com,3835372356,Europe,Preferred contact: email
914,Jose Jones,,-8960,North America,Preferred contact: email
915,Liam Gray,liam.gray@example.co.uk,5512234294,West Asia,No notes
916,Emma Doe,emma.doe@yahoo.com,6322257314,South America,Preferred contact: email
917,Matt Smith,matt34@invalid,,North America,Call after 5pm
918,Bob Doe,bob13@gmail.com,(998) 330-9848,East Asia,Call after 5pm
919,Bob Brown,bob_brown@yahoo.com,(227) 340-8203,South America,No notes
920,Matt Garcia,matt27@invalid,(295) 379-9301,North America,Preferred contact: email
921,Maria O'Neil,maria_o'neil@music.co,-3296,Latin America,Preferred contact: email
922,Dan Lee,dan.lee@email.com,9088554235,Europe,No notes
923,Matt Brown,matt_brown@gmail.com,-4702,South & East Africa,Preferred contact: email
924,Liam Smith,,(361) 629-3824,East Asia,VIP client
925,Doe,luciano40@music.co,-6765,North Africa,Call after 5pm
926,Dan Jones,,-5456,North America,Preferred contact: email
927,Maria Garcia,,463.331.6290,West Asia,
928,Noah Gray,,5191956319,North Africa,VIP client
929,Liam Gray,liam_gray@yahoo.com,884.804.9518,South & East Africa,Call after 5pm
930,Carol Lee,"carol75@acme,com",(847) 249-4242,South & East Africa,Call after 5pm
931,Johnson,dan at johnson dot com,,West Africa,No notes
932,Luciano Brown,,990.762.8476,Australia,
933,Alice Gray,alice at gray dot com,668.313.2970,Pacific Islands,Call after 5pm
934,Carol Brown,,(607) 723-4192,North Africa,VIP client
935,Jose O'Neil,,(745) 571-9838,East Asia,Preferred contact: email
936,Noah Doe,,407.485.1801,Latin America,No notes
937,Jose Lee,jose at lee dot com,,South & East Africa,
938,Luciano Jones,luciano19@music.co,600.805.4168,South America,Preferred contact: email
939,Bob Brown,bob at brown dot com,-4755,Pacific Islands,
940,Alice Martinez,,327.754.8444,Latin America,VIP client
941,Matt Lee,matt_lee@gmail.com,-9495,North America,
942,Liam Johnson,,,South America,VIP client
943,Dan Brown,dan.brown@gmail.com,-10187,South America,No notes
944,Jose O'Neil,jose at o'neil dot com,-8819,South & East Africa,Call after 5pm
945,Carol O'Neil,,6455067506,West Asia,No notes
946,Noah Jones,"noah4@acme,com",(622) 229-8481,West Africa,VIP client
947,Maria Jones,,(414) 771-9966,South America,No notes
948,Luciano Johnson,,(513) 303-2481,South & East Africa,No notes
949,Bob Brown,bob at brown dot com,,South America,VIP client
950,Jose Martinez,,9351547630,Australia,VIP client
951,Jane Johnson,jane at johnson dot com,(953) 500-2346,Europe,
952,Brown,jane89@yahoo.com,,West Africa,No notes
953,Maria Lee,,842.789.7342,South America,VIP client
954,Dan Johnson,dan41@example.co.uk,,Australia,No notes
955,Jose Johnson,,8271678179,West Africa,No notes
956,Lee,liam3@example.co.uk,265.898.6806,East Asia,
957,Alice Jones,alice at jones dot com,,Latin America,
958,Dan Doe,,,West Asia,No notes
959,Emma Doe,emma77@invalid,2382706193,East Asia,
960,Emma Lee,emma at lee dot com,518.563.3906,Europe,No notes
961,Luciano Doe,luciano30@email.com,,West Asia,Preferred contact: email
962,Johnson,noah.johnson@example.co.uk,(593) 513-1453,North America,Call after 5pm
963,Noah O'Neil,,(899) 358-7130,West Africa,
964,Garcia,jane.garcia@example.co.uk,5866461018,Europe,Call after 5pm
965,Liam Doe,liam_doe@music.co,2607228395,West Africa,Call after 5pm
966,Dan Jones,dan at jones dot com,,East Asia,Call after 5pm
967,Alice Johnson,"alice38@acme,com",7675861564,Latin America,
968,Dan Brown,dan_brown@invalid,291.514.9893,North America,Preferred contact: email
969,Jones,jose_jones@music.co,,South America,VIP client
970,Noah Jones,noah.jones@music.co,6489245340,South & East Africa,Call after 5pm
971,Emma Gray,emma.gray@yahoo.com,(599) 433-7091,West Africa,
972,Noah Brown,noah at brown dot com,8081189931,Australia,No notes
973,Alice Smith,alice at smith dot com,(841) 909-7479,South America,Preferred contact: email
974,Noah Gray,noah at gray dot com,897.932.7524,Europe,VIP client
975,Liam Brown,liam.brown@music.co,(405) 330-9490,South America,Preferred contact: email
976,Doe,,-8857,South & East Africa,
977,Bob Smith,bob.smith@example.co.uk,(456) 379-6736,South America,VIP client
978,Jose Gray,,(225) 651-2136,Europe,Call after 5pm
979,Johnson,,-10371,Australia,Call after 5pm
980,Lee,matt.lee@invalid,6379979135,West Africa,
981,Noah Lee,,(899) 702-5096,North Africa,No notes
982,Jose Johnson,"jose_johnson@acme,com",(463) 364-7030,West Africa,Preferred contact: email
983,Maria Lee,,8273149950,South America,No notes
984,Dan Garcia,"dan_garcia@acme,com",,North Africa,VIP client
985,Maria Martinez,maria at martinez dot com,681.311.9893,West Africa,
986,Dan Jones,dan_jones@example.co.uk,(729) 642-3954,Pacific Islands,VIP client
987,Emma O'Neil,,9570396397,North America,VIP client
988,Liam O'Neil,,208.254.6431,East Asia,VIP client
989,Bob Doe,bob_doe@invalid,-7006,South America,
990,Jane Doe,jane.doe@example.co.uk,(775) 765-8693,West Asia,No notes
991,Luciano Jones,luciano at jones dot com,,East Asia,
992,Jane Garcia,jane at garcia dot com,4680193158,North America,Call after 5pm
993,Luciano Smith,luciano_smith@email.com,836.804.7844,South & East Africa,VIP client
994,Bob Martinez,,8223111547,North Africa,VIP client
995,Matt Brown,,-3857,North Africa,VIP client
996,Dan Smith,dan at smith dot com,575.724.7955,North Africa,Call after 5pm
997,Carol Brown,carol at brown dot com,-3324,South & East Africa,Call after 5pm
998,Smith,luciano_smith@gmail.com,209.940.1220,Latin America,
999,Luciano Doe,luciano at doe dot com,(827) 324-1920,North America,Preferred contact: email
1000,Gray,,(934) 281-7338,Australia,No notes
